{"cameraMode":{"drawMode":0,"name":"Shaded","section":"Shading Mode"},"sceneLighting":false,"audioPlay":false,"sceneViewState":{"showFog":true,"showMaterialUpdate":false,"showSkybox":false,"showFlares":true,"showImageEffects":true,"showParticleSystems":true},"in2DMode":false,"pivot":{"x":-0.8688920736312866,"y":0.9300000667572022,"z":3.4326136112213136},"rotation":{"x":0.07716598361730576,"y":0.9222900867462158,"z":-0.25078868865966799,"w":0.2837825119495392},"size":4.041658401489258,"orthographic":false}